<?xml version="1.0" encoding="UTF-8"?>
<project-private xmlns="http://www.netbeans.org/ns/project-private/1">
    <editor-bookmarks xmlns="http://www.netbeans.org/ns/editor-bookmarks/2" lastBookmarkId="0"/>
    <open-files xmlns="http://www.netbeans.org/ns/projectui-open-files/2">
        <group>
            <file>file:/F:/Faculdade/Pesquisa%20e%20Ordenação/ArvoresCaderno/src/arvorescaderno/ArvoreBPlus.java</file>
            <file>file:/F:/Faculdade/Pesquisa%20e%20Ordenação/ArvoresCaderno/src/arvorescaderno/ArvoreB.java</file>
            <file>file:/F:/Faculdade/Pesquisa%20e%20Ordenação/ArvoresCaderno/src/arvorescaderno/tamanho.java</file>
        </group>
    </open-files>
</project-private>
