<?xml version="1.0" encoding="UTF-8"?>
<project-private xmlns="http://www.netbeans.org/ns/project-private/1">
    <editor-bookmarks xmlns="http://www.netbeans.org/ns/editor-bookmarks/2" lastBookmarkId="0"/>
    <open-files xmlns="http://www.netbeans.org/ns/projectui-open-files/2">
        <group>
            <file>file:/J:/Faculdade/Pesquisa%20e%20Ordenação/Recente1/TrabalhoPO/src/trabalhopo/Arquivo.java</file>
            <file>file:/J:/Faculdade/Pesquisa%20e%20Ordenação/Recente1/TrabalhoPO/src/trabalhopo/ListaEncad.java</file>
            <file>file:/J:/Faculdade/Pesquisa%20e%20Ordenação/Recente1/TrabalhoPO/src/trabalhopo/TrabalhoPO.java</file>
        </group>
    </open-files>
</project-private>
